,ID,File 1,File 2,Day,Time,Label
1308,5,S5A_11-05-14-05.png,S5B_11-05-14-05.png,0,845,1
2368,7,S7A_11-05-14-07.png,S7B_11-05-14-07.png,0,847,1
21,50,S50A_11-05-14-50.png,S50B_11-05-14-50.png,0,890,1
1125,53,S53A_11-05-14-53.png,S53B_11-05-14-53.png,0,893,1
1114,64,S64A_11-05-15-04.png,S64B_11-05-15-04.png,0,904,1
1363,66,S66A_11-05-15-06.png,S66B_11-05-15-06.png,0,906,1
1668,70,S70A_11-05-15-10.png,S70B_11-05-15-10.png,0,910,1
2331,75,S75A_11-05-15-15.png,S75B_11-05-15-15.png,0,915,1
120,76,S76A_11-05-15-16.png,S76B_11-05-15-16.png,0,916,1
2458,80,S80A_11-05-15-20.png,S80B_11-05-15-20.png,0,920,1
2389,84,S84A_11-05-15-24.png,S84B_11-05-15-24.png,0,924,1
829,85,S85A_11-05-15-25.png,S85B_11-05-15-25.png,0,925,1
1218,87,S87A_11-05-15-27.png,S87B_11-05-15-27.png,0,927,1
1405,90,S90A_11-05-15-30.png,S90B_11-05-15-30.png,0,930,1
1550,93,S93A_11-05-15-33.png,S93B_11-05-15-33.png,0,933,1
295,94,S94A_11-05-15-34.png,S94B_11-05-15-34.png,0,934,1
742,95,S95A_11-05-15-35.png,S95B_11-05-15-35.png,0,935,1
118,100,S100A_11-05-15-40.png,S100B_11-05-15-40.png,0,940,1
938,109,S109A_11-05-15-50.png,S109B_11-05-15-50.png,0,950,1
262,112,S112A_11-05-15-53.png,S112B_11-05-15-53.png,0,953,1
1100,114,S114A_11-05-15-55.png,S114B_11-05-15-55.png,0,955,1
1364,116,S116A_11-05-15-57.png,S116B_11-05-15-57.png,0,957,1
1176,119,S119A_11-05-16-00.png,S119B_11-05-16-00.png,0,960,1
1694,170,S170A_11-05-16-51.png,S170B_11-05-16-51.png,0,1011,1
177,240,S240A_11-05-18-01.png,S240B_11-05-18-01.png,0,1081,1
2012,244,S244A_11-05-18-05.png,S244B_11-05-18-05.png,0,1085,1
1633,257,S257A_11-05-18-18.png,S257B_11-05-18-18.png,0,1098,1
2728,277,S277A_11-05-18-38.png,S277B_11-05-18-38.png,0,1118,1
1586,279,S279A_11-05-18-40.png,S279B_11-05-18-40.png,0,1120,1
1915,317,S317A_11-05-19-19.png,S317B_11-05-19-19.png,0,1159,1
1010,324,S324A_11-05-19-26.png,S324B_11-05-19-26.png,0,1166,1
2061,357,S357A_11-05-19-58.png,S357B_11-05-19-58.png,0,1198,1
413,364,S364A_11-05-20-05.png,S364B_11-05-20-05.png,0,1205,1
1921,365,S365A_11-05-20-06.png,S365B_11-05-20-06.png,0,1206,1
2050,373,S373A_11-05-20-14.png,S373B_11-05-20-14.png,0,1214,1
157,375,S375A_11-05-20-16.png,S375B_11-05-20-16.png,0,1216,1
544,381,S381A_11-05-20-22.png,S381B_11-05-20-22.png,0,1222,1
2270,382,S382A_11-05-20-23.png,S382B_11-05-20-23.png,0,1223,1
1109,383,S383A_11-05-20-24.png,S383B_11-05-20-24.png,0,1224,1
1026,386,S386A_11-05-20-27.png,S386B_11-05-20-27.png,0,1227,1
2714,388,S388A_11-05-20-29.png,S388B_11-05-20-29.png,0,1229,1
496,395,S395A_11-05-20-36.png,S395B_11-05-20-36.png,0,1236,1
2725,396,S396A_11-05-20-37.png,S396B_11-05-20-37.png,0,1237,1
555,398,S398A_11-05-20-39.png,S398B_11-05-20-39.png,0,1239,1
1464,399,S399A_11-05-20-40.png,S399B_11-05-20-40.png,0,1240,1
1425,400,S400A_11-05-20-41.png,S400B_11-05-20-41.png,0,1241,1
1256,401,S401A_11-05-20-42.png,S401B_11-05-20-42.png,0,1242,1
482,404,S404A_11-05-20-45.png,S404B_11-05-20-45.png,0,1245,1
1592,405,S405A_11-05-20-46.png,S405B_11-05-20-46.png,0,1246,1
361,406,S406A_11-05-20-47.png,S406B_11-05-20-47.png,0,1247,1
2338,918,S918A_11-06-05-21.png,S918B_11-06-05-21.png,1,321,1
1576,920,S920A_11-06-05-23.png,S920B_11-06-05-23.png,1,323,1
1933,922,S922A_11-06-05-25.png,S922B_11-06-05-25.png,1,325,1
2730,923,S923A_11-06-05-26.png,S923B_11-06-05-26.png,1,326,1
2445,924,S924A_11-06-05-27.png,S924B_11-06-05-27.png,1,327,1
1999,925,S925A_11-06-05-28.png,S925B_11-06-05-28.png,1,328,1
922,926,S926A_11-06-05-29.png,S926B_11-06-05-29.png,1,329,1
2658,927,S927A_11-06-05-30.png,S927B_11-06-05-30.png,1,330,1
1706,936,S936A_11-06-05-39.png,S936B_11-06-05-39.png,1,339,1
2388,946,S946A_11-06-05-49.png,S946B_11-06-05-49.png,1,349,1
2122,950,S950A_11-06-05-54.png,S950B_11-06-05-54.png,1,354,1
1119,958,S958A_11-06-06-02.png,S958B_11-06-06-02.png,1,362,1
1102,975,S975A_11-06-06-19.png,S975B_11-06-06-19.png,1,379,1
571,1008,S1008A_11-06-06-52.png,S1008B_11-06-06-52.png,1,412,1
6,1046,S1046A_11-06-07-30.png,S1046B_11-06-07-30.png,1,450,1
2501,1053,S1053A_11-06-07-37.png,S1053B_11-06-07-37.png,1,457,1
2673,1070,S1070A_11-06-07-54.png,S1070B_11-06-07-54.png,1,474,1
1041,1075,S1075A_11-06-07-59.png,S1075B_11-06-07-59.png,1,479,1
187,1080,S1080A_11-06-08-04.png,S1080B_11-06-08-04.png,1,484,1
1096,1085,S1085A_11-06-08-09.png,S1085B_11-06-08-09.png,1,489,1
310,1087,S1087A_11-06-08-11.png,S1087B_11-06-08-11.png,1,491,1
2343,1090,S1090A_11-06-08-14.png,S1090B_11-06-08-14.png,1,494,1
14,1094,S1094A_11-06-08-18.png,S1094B_11-06-08-18.png,1,498,1
2118,1095,S1095A_11-06-08-19.png,S1095B_11-06-08-19.png,1,499,1
1945,1188,S1188A_11-06-09-53.png,S1188B_11-06-09-53.png,1,593,1
512,1198,S1198A_11-06-10-03.png,S1198B_11-06-10-03.png,1,603,1
2214,1225,S1225A_11-06-10-30.png,S1225B_11-06-10-30.png,1,630,1
1118,1233,S1233A_11-06-10-38.png,S1233B_11-06-10-38.png,1,638,1
1490,1234,S1234A_11-06-10-39.png,S1234B_11-06-10-39.png,1,639,1
2237,1253,S1253A_11-06-10-58.png,S1253B_11-06-10-58.png,1,658,1
1291,1272,S1272A_11-06-11-17.png,S1272B_11-06-11-17.png,1,677,1
218,1283,S1283A_11-06-11-28.png,S1283B_11-06-11-28.png,1,688,1
1866,1303,S1303A_11-06-11-48.png,S1303B_11-06-11-48.png,1,708,1
1511,1312,S1312A_11-06-11-57.png,S1312B_11-06-11-57.png,1,717,1
649,1341,S1341A_11-06-12-27.png,S1341B_11-06-12-27.png,1,747,1
1445,1390,S1390A_11-06-13-16.png,S1390B_11-06-13-16.png,1,796,1
2243,1888,S1888A_11-06-21-36.png,S1888B_11-06-21-36.png,1,1296,1
796,1890,S1890A_11-06-21-38.png,S1890B_11-06-21-38.png,1,1298,1
1661,1892,S1892A_11-06-21-40.png,S1892B_11-06-21-40.png,1,1300,1
2090,1897,S1897A_11-06-21-45.png,S1897B_11-06-21-45.png,1,1305,1
728,1898,S1898A_11-06-21-46.png,S1898B_11-06-21-46.png,1,1306,1
2657,1899,S1899A_11-06-21-47.png,S1899B_11-06-21-47.png,1,1307,1
530,1900,S1900A_11-06-21-48.png,S1900B_11-06-21-48.png,1,1308,1
467,1902,S1902A_11-06-21-50.png,S1902B_11-06-21-50.png,1,1310,1
2351,1911,S1911A_11-06-21-59.png,S1911B_11-06-21-59.png,1,1319,1
2751,1914,S1914A_11-06-22-02.png,S1914B_11-06-22-02.png,1,1322,1
2371,1917,S1917A_11-06-22-05.png,S1917B_11-06-22-05.png,1,1325,1
2404,1923,S1923A_11-06-22-11.png,S1923B_11-06-22-11.png,1,1331,1
3384,9775,S9775A_11-12-13-39.png,S9775B_11-12-13-39.png,0,819,1
2804,9776,S9776A_11-12-13-40.png,S9776B_11-12-13-40.png,0,820,1
3581,9779,S9779A_11-12-13-43.png,S9779B_11-12-13-43.png,0,823,1
3059,9780,S9780A_11-12-13-44.png,S9780B_11-12-13-44.png,0,824,1
4778,9787,S9787A_11-12-13-51.png,S9787B_11-12-13-51.png,0,831,1
4516,9791,S9791A_11-12-13-55.png,S9791B_11-12-13-55.png,0,835,1
2671,18,S18A_11-05-14-18.png,S18B_11-05-14-18.png,0,858,2
2626,19,S19A_11-05-14-19.png,S19B_11-05-14-19.png,0,859,2
2627,39,S39A_11-05-14-39.png,S39B_11-05-14-39.png,0,879,2
2455,68,S68A_11-05-15-08.png,S68B_11-05-15-08.png,0,908,2
2767,73,S73A_11-05-15-13.png,S73B_11-05-15-13.png,0,913,2
2469,107,S107A_11-05-15-47.png,S107B_11-05-15-47.png,0,947,2
2592,177,S177A_11-05-16-58.png,S177B_11-05-16-58.png,0,1018,2
2623,182,S182A_11-05-17-03.png,S182B_11-05-17-03.png,0,1023,2
2506,184,S184A_11-05-17-05.png,S184B_11-05-17-05.png,0,1025,2
2585,241,S241A_11-05-18-02.png,S241B_11-05-18-02.png,0,1082,2
2717,246,S246A_11-05-18-07.png,S246B_11-05-18-07.png,0,1087,2
2715,261,S261A_11-05-18-22.png,S261B_11-05-18-22.png,0,1102,2
2456,274,S274A_11-05-18-35.png,S274B_11-05-18-35.png,0,1115,2
2462,284,S284A_11-05-18-45.png,S284B_11-05-18-45.png,0,1125,2
2634,286,S286A_11-05-18-47.png,S286B_11-05-18-47.png,0,1127,2
2662,289,S289A_11-05-18-50.png,S289B_11-05-18-50.png,0,1130,2
2570,321,S321A_11-05-19-23.png,S321B_11-05-19-23.png,0,1163,2
2491,335,S335A_11-05-19-36.png,S335B_11-05-19-36.png,0,1176,2
2549,337,S337A_11-05-19-38.png,S337B_11-05-19-38.png,0,1178,2
2485,346,S346A_11-05-19-47.png,S346B_11-05-19-47.png,0,1187,2
2542,352,S352A_11-05-19-53.png,S352B_11-05-19-53.png,0,1193,2
2553,374,S374A_11-05-20-15.png,S374B_11-05-20-15.png,0,1215,2
2586,376,S376A_11-05-20-17.png,S376B_11-05-20-17.png,0,1217,2
2452,380,S380A_11-05-20-21.png,S380B_11-05-20-21.png,0,1221,2
2692,385,S385A_11-05-20-26.png,S385B_11-05-20-26.png,0,1226,2
2696,407,S407A_11-05-20-48.png,S407B_11-05-20-48.png,0,1248,2
2562,945,S945A_11-06-05-48.png,S945B_11-06-05-48.png,1,348,2
2707,967,S967A_11-06-06-11.png,S967B_11-06-06-11.png,1,371,2
2670,988,S988A_11-06-06-32.png,S988B_11-06-06-32.png,1,392,2
2510,995,S995A_11-06-06-39.png,S995B_11-06-06-39.png,1,399,2
2366,1015,S1015A_11-06-06-59.png,S1015B_11-06-06-59.png,1,419,2
2416,1021,S1021A_11-06-07-05.png,S1021B_11-06-07-05.png,1,425,2
2495,1058,S1058A_11-06-07-42.png,S1058B_11-06-07-42.png,1,462,2
2753,1066,S1066A_11-06-07-50.png,S1066B_11-06-07-50.png,1,470,2
2584,1076,S1076A_11-06-08-00.png,S1076B_11-06-08-00.png,1,480,2
2773,1088,S1088A_11-06-08-12.png,S1088B_11-06-08-12.png,1,492,2
2631,1093,S1093A_11-06-08-17.png,S1093B_11-06-08-17.png,1,497,2
2691,1162,S1162A_11-06-09-27.png,S1162B_11-06-09-27.png,1,567,2
2600,1172,S1172A_11-06-09-37.png,S1172B_11-06-09-37.png,1,577,2
2484,1176,S1176A_11-06-09-41.png,S1176B_11-06-09-41.png,1,581,2
2454,1186,S1186A_11-06-09-51.png,S1186B_11-06-09-51.png,1,591,2
2705,1199,S1199A_11-06-10-04.png,S1199B_11-06-10-04.png,1,604,2
2609,1204,S1204A_11-06-10-09.png,S1204B_11-06-10-09.png,1,609,2
2636,1240,S1240A_11-06-10-45.png,S1240B_11-06-10-45.png,1,645,2
2556,1249,S1249A_11-06-10-54.png,S1249B_11-06-10-54.png,1,654,2
2527,1251,S1251A_11-06-10-56.png,S1251B_11-06-10-56.png,1,656,2
2511,1254,S1254A_11-06-10-59.png,S1254B_11-06-10-59.png,1,659,2
2357,1259,S1259A_11-06-11-04.png,S1259B_11-06-11-04.png,1,664,2
2534,1337,S1337A_11-06-12-22.png,S1337B_11-06-12-22.png,1,742,2
2723,1351,S1351A_11-06-12-37.png,S1351B_11-06-12-37.png,1,757,2
2770,1383,S1383A_11-06-13-09.png,S1383B_11-06-13-09.png,1,789,2
2437,1886,S1886A_11-06-21-34.png,S1886B_11-06-21-34.png,1,1294,2
2620,1916,S1916A_11-06-22-04.png,S1916B_11-06-22-04.png,1,1324,2
2482,1930,S1930A_11-06-22-18.png,S1930B_11-06-22-18.png,1,1338,2
2551,1934,S1934A_11-06-22-22.png,S1934B_11-06-22-22.png,1,1342,2
2643,1943,S1943A_11-06-22-31.png,S1943B_11-06-22-31.png,1,1351,2
2498,1945,S1945A_11-06-22-33.png,S1945B_11-06-22-33.png,1,1353,2
2769,1946,S1946A_11-06-22-34.png,S1946B_11-06-22-34.png,1,1354,2
2649,1970,S1970A_11-06-22-58.png,S1970B_11-06-22-58.png,1,1378,2
2533,1992,S1992A_11-06-23-20.png,S1992B_11-06-23-20.png,1,1400,2
2741,1995,S1995A_11-06-23-23.png,S1995B_11-06-23-23.png,1,1403,2
2664,2011,S2011A_11-06-23-40.png,S2011B_11-06-23-40.png,1,1420,2
2625,2518,S2518A_11-07-08-09.png,S2518B_11-07-08-09.png,2,489,2
2415,2523,S2523A_11-07-08-14.png,S2523B_11-07-08-14.png,2,494,2
2559,2545,S2545A_11-07-08-36.png,S2545B_11-07-08-36.png,2,516,2
2374,2549,S2549A_11-07-08-40.png,S2549B_11-07-08-40.png,2,520,2
2701,2555,S2555A_11-07-08-46.png,S2555B_11-07-08-46.png,2,526,2
2417,2565,S2565A_11-07-08-56.png,S2565B_11-07-08-56.png,2,536,2
2611,2570,S2570A_11-07-09-01.png,S2570B_11-07-09-01.png,2,541,2
2777,2575,S2575A_11-07-09-06.png,S2575B_11-07-09-06.png,2,546,2
2702,2585,S2585A_11-07-09-16.png,S2585B_11-07-09-16.png,2,556,2
2571,2591,S2591A_11-07-09-22.png,S2591B_11-07-09-22.png,2,562,2
2428,2613,S2613A_11-07-09-44.png,S2613B_11-07-09-44.png,2,584,2
2369,2633,S2633A_11-07-10-04.png,S2633B_11-07-10-04.png,2,604,2
2594,2637,S2637A_11-07-10-08.png,S2637B_11-07-10-08.png,2,608,2
2529,2639,S2639A_11-07-10-10.png,S2639B_11-07-10-10.png,2,610,2
2557,2647,S2647A_11-07-10-18.png,S2647B_11-07-10-18.png,2,618,2
2650,2741,S2741A_11-07-11-51.png,S2741B_11-07-11-51.png,2,711,2
2628,2755,S2755A_11-07-12-05.png,S2755B_11-07-12-05.png,2,725,2
2423,2764,S2764A_11-07-12-14.png,S2764B_11-07-12-14.png,2,734,2
2710,2778,S2778A_11-07-12-29.png,S2778B_11-07-12-29.png,2,749,2
2532,2781,S2781A_11-07-12-32.png,S2781B_11-07-12-32.png,2,752,2
2676,2795,S2795A_11-07-12-46.png,S2795B_11-07-12-46.png,2,766,2
2632,2797,S2797A_11-07-12-48.png,S2797B_11-07-12-48.png,2,768,2
2441,2808,S2808A_11-07-12-59.png,S2808B_11-07-12-59.png,2,779,2
2385,2821,S2821A_11-07-13-12.png,S2821B_11-07-13-12.png,2,792,2
2409,2822,S2822A_11-07-13-13.png,S2822B_11-07-13-13.png,2,793,2
2577,2855,S2855A_11-07-13-46.png,S2855B_11-07-13-46.png,2,826,2
2573,2858,S2858A_11-07-13-49.png,S2858B_11-07-13-49.png,2,829,2
2558,2879,S2879A_11-07-14-10.png,S2879B_11-07-14-10.png,2,850,2
2693,2907,S2907A_11-07-14-38.png,S2907B_11-07-14-38.png,2,878,2
2459,2908,S2908A_11-07-14-39.png,S2908B_11-07-14-39.png,2,879,2
2706,2929,S2929A_11-07-15-00.png,S2929B_11-07-15-00.png,2,900,2
2411,2992,S2992A_11-07-16-04.png,S2992B_11-07-16-04.png,2,964,2
2635,3086,S3086A_11-07-17-38.png,S3086B_11-07-17-38.png,2,1058,2
2639,3107,S3107A_11-07-17-59.png,S3107B_11-07-17-59.png,2,1079,2
2567,3110,S3110A_11-07-18-02.png,S3110B_11-07-18-02.png,2,1082,2
2431,3153,S3153A_11-07-18-46.png,S3153B_11-07-18-46.png,2,1126,2
2638,3171,S3171A_11-07-19-04.png,S3171B_11-07-19-04.png,2,1144,2
2637,3187,S3187A_11-07-19-20.png,S3187B_11-07-19-20.png,2,1160,2
2370,3188,S3188A_11-07-19-21.png,S3188B_11-07-19-21.png,2,1161,2
2427,3191,S3191A_11-07-19-24.png,S3191B_11-07-19-24.png,2,1164,2
2736,3195,S3195A_11-07-19-28.png,S3195B_11-07-19-28.png,2,1168,2
2457,3204,S3204A_11-07-19-37.png,S3204B_11-07-19-37.png,2,1177,2
2761,3208,S3208A_11-07-19-41.png,S3208B_11-07-19-41.png,2,1181,2
4750,9806,S9806A_11-12-14-10.png,S9806B_11-12-14-10.png,0,850,2
3408,9807,S9807A_11-12-14-11.png,S9807B_11-12-14-11.png,0,851,2
4490,9808,S9808A_11-12-14-12.png,S9808B_11-12-14-12.png,0,852,2
3715,9809,S9809A_11-12-14-13.png,S9809B_11-12-14-13.png,0,853,2
4167,9810,S9810A_11-12-14-14.png,S9810B_11-12-14-14.png,0,854,2
2582,1,S1A_11-05-14-01.png,S1B_11-05-14-01.png,0,841,3
2775,2,S2A_11-05-14-02.png,S2B_11-05-14-02.png,0,842,3
32,24,S24A_11-05-14-24.png,S24B_11-05-14-24.png,0,864,3
2262,26,S26A_11-05-14-26.png,S26B_11-05-14-26.png,0,866,3
2043,27,S27A_11-05-14-27.png,S27B_11-05-14-27.png,0,867,3
1316,28,S28A_11-05-14-28.png,S28B_11-05-14-28.png,0,868,3
955,30,S30A_11-05-14-30.png,S30B_11-05-14-30.png,0,870,3
122,32,S32A_11-05-14-32.png,S32B_11-05-14-32.png,0,872,3
551,35,S35A_11-05-14-35.png,S35B_11-05-14-35.png,0,875,3
977,36,S36A_11-05-14-36.png,S36B_11-05-14-36.png,0,876,3
2731,37,S37A_11-05-14-37.png,S37B_11-05-14-37.png,0,877,3
17,38,S38A_11-05-14-38.png,S38B_11-05-14-38.png,0,878,3
745,40,S40A_11-05-14-40.png,S40B_11-05-14-40.png,0,880,3
1148,43,S43A_11-05-14-43.png,S43B_11-05-14-43.png,0,883,3
980,44,S44A_11-05-14-44.png,S44B_11-05-14-44.png,0,884,3
2641,48,S48A_11-05-14-48.png,S48B_11-05-14-48.png,0,888,3
644,49,S49A_11-05-14-49.png,S49B_11-05-14-49.png,0,889,3
474,52,S52A_11-05-14-52.png,S52B_11-05-14-52.png,0,892,3
2712,54,S54A_11-05-14-54.png,S54B_11-05-14-54.png,0,894,3
494,55,S55A_11-05-14-55.png,S55B_11-05-14-55.png,0,895,3
142,56,S56A_11-05-14-56.png,S56B_11-05-14-56.png,0,896,3
785,57,S57A_11-05-14-57.png,S57B_11-05-14-57.png,0,897,3
1625,62,S62A_11-05-15-02.png,S62B_11-05-15-02.png,0,902,3
38,63,S63A_11-05-15-03.png,S63B_11-05-15-03.png,0,903,3
1902,71,S71A_11-05-15-11.png,S71B_11-05-15-11.png,0,911,3
944,86,S86A_11-05-15-26.png,S86B_11-05-15-26.png,0,926,3
2209,102,S102A_11-05-15-42.png,S102B_11-05-15-42.png,0,942,3
110,105,S105A_11-05-15-45.png,S105B_11-05-15-45.png,0,945,3
2508,113,S113A_11-05-15-54.png,S113B_11-05-15-54.png,0,954,3
322,118,S118A_11-05-15-59.png,S118B_11-05-15-59.png,0,959,3
2758,121,S121A_11-05-16-02.png,S121B_11-05-16-02.png,0,962,3
469,123,S123A_11-05-16-04.png,S123B_11-05-16-04.png,0,964,3
1186,159,S159A_11-05-16-40.png,S159B_11-05-16-40.png,0,1000,3
1618,162,S162A_11-05-16-43.png,S162B_11-05-16-43.png,0,1003,3
698,166,S166A_11-05-16-47.png,S166B_11-05-16-47.png,0,1007,3
2041,167,S167A_11-05-16-48.png,S167B_11-05-16-48.png,0,1008,3
486,171,S171A_11-05-16-52.png,S171B_11-05-16-52.png,0,1012,3
525,172,S172A_11-05-16-53.png,S172B_11-05-16-53.png,0,1013,3
2060,173,S173A_11-05-16-54.png,S173B_11-05-16-54.png,0,1014,3
238,174,S174A_11-05-16-55.png,S174B_11-05-16-55.png,0,1015,3
200,178,S178A_11-05-16-59.png,S178B_11-05-16-59.png,0,1019,3
348,234,S234A_11-05-17-55.png,S234B_11-05-17-55.png,0,1075,3
1540,236,S236A_11-05-17-57.png,S236B_11-05-17-57.png,0,1077,3
2724,238,S238A_11-05-17-59.png,S238B_11-05-17-59.png,0,1079,3
404,243,S243A_11-05-18-04.png,S243B_11-05-18-04.png,0,1084,3
2564,245,S245A_11-05-18-06.png,S245B_11-05-18-06.png,0,1086,3
1029,247,S247A_11-05-18-08.png,S247B_11-05-18-08.png,0,1088,3
1154,248,S248A_11-05-18-09.png,S248B_11-05-18-09.png,0,1089,3
613,249,S249A_11-05-18-10.png,S249B_11-05-18-10.png,0,1090,3
681,252,S252A_11-05-18-13.png,S252B_11-05-18-13.png,0,1093,3
2640,253,S253A_11-05-18-14.png,S253B_11-05-18-14.png,0,1094,3
954,258,S258A_11-05-18-19.png,S258B_11-05-18-19.png,0,1099,3
623,262,S262A_11-05-18-23.png,S262B_11-05-18-23.png,0,1103,3
883,267,S267A_11-05-18-28.png,S267B_11-05-18-28.png,0,1108,3
2401,268,S268A_11-05-18-29.png,S268B_11-05-18-29.png,0,1109,3
703,272,S272A_11-05-18-33.png,S272B_11-05-18-33.png,0,1113,3
2517,275,S275A_11-05-18-36.png,S275B_11-05-18-36.png,0,1116,3
1770,276,S276A_11-05-18-37.png,S276B_11-05-18-37.png,0,1117,3
658,280,S280A_11-05-18-41.png,S280B_11-05-18-41.png,0,1121,3
2201,282,S282A_11-05-18-43.png,S282B_11-05-18-43.png,0,1123,3
1028,290,S290A_11-05-18-51.png,S290B_11-05-18-51.png,0,1131,3
1081,291,S291A_11-05-18-52.png,S291B_11-05-18-52.png,0,1132,3
1233,298,S298A_11-05-18-59.png,S298B_11-05-18-59.png,0,1139,3
932,301,S301A_11-05-19-02.png,S301B_11-05-19-02.png,0,1142,3
686,304,S304A_11-05-19-05.png,S304B_11-05-19-05.png,0,1145,3
1474,309,S309A_11-05-19-10.png,S309B_11-05-19-10.png,0,1150,3
2332,311,S311A_11-05-19-12.png,S311B_11-05-19-12.png,0,1152,3
2234,314,S314A_11-05-19-16.png,S314B_11-05-19-16.png,0,1156,3
517,316,S316A_11-05-19-18.png,S316B_11-05-19-18.png,0,1158,3
2035,319,S319A_11-05-19-21.png,S319B_11-05-19-21.png,0,1161,3
2011,323,S323A_11-05-19-25.png,S323B_11-05-19-25.png,0,1165,3
251,326,S326A_11-05-19-28.png,S326B_11-05-19-28.png,0,1168,3
2648,329,S329A_11-05-19-31.png,S329B_11-05-19-31.png,0,1171,3
1462,330,S330A_11-05-19-32.png,S330B_11-05-19-32.png,0,1172,3
1018,332,S332A_11-05-19-33.png,S332B_11-05-19-33.png,0,1173,3
184,333,S333A_11-05-19-34.png,S333B_11-05-19-34.png,0,1174,3
1574,336,S336A_11-05-19-37.png,S336B_11-05-19-37.png,0,1177,3
674,344,S344A_11-05-19-45.png,S344B_11-05-19-45.png,0,1185,3
2612,348,S348A_11-05-19-49.png,S348B_11-05-19-49.png,0,1189,3
2489,360,S360A_11-05-20-01.png,S360B_11-05-20-01.png,0,1201,3
2412,366,S366A_11-05-20-07.png,S366B_11-05-20-07.png,0,1207,3
2502,368,S368A_11-05-20-09.png,S368B_11-05-20-09.png,0,1209,3
1583,370,S370A_11-05-20-11.png,S370B_11-05-20-11.png,0,1211,3
352,384,S384A_11-05-20-25.png,S384B_11-05-20-25.png,0,1225,3
2666,928,S928A_11-06-05-31.png,S928B_11-06-05-31.png,1,331,3
1267,931,S931A_11-06-05-34.png,S931B_11-06-05-34.png,1,334,3
587,937,S937A_11-06-05-40.png,S937B_11-06-05-40.png,1,340,3
916,949,S949A_11-06-05-53.png,S949B_11-06-05-53.png,1,353,3
2552,952,S952A_11-06-05-56.png,S952B_11-06-05-56.png,1,356,3
1301,953,S953A_11-06-05-57.png,S953B_11-06-05-57.png,1,357,3
2168,956,S956A_11-06-06-00.png,S956B_11-06-06-00.png,1,360,3
1917,960,S960A_11-06-06-04.png,S960B_11-06-06-04.png,1,364,3
1679,962,S962A_11-06-06-06.png,S962B_11-06-06-06.png,1,366,3
2477,964,S964A_11-06-06-08.png,S964B_11-06-06-08.png,1,368,3
1530,965,S965A_11-06-06-09.png,S965B_11-06-06-09.png,1,369,3
2310,966,S966A_11-06-06-10.png,S966B_11-06-06-10.png,1,370,3
2222,968,S968A_11-06-06-12.png,S968B_11-06-06-12.png,1,372,3
1862,969,S969A_11-06-06-13.png,S969B_11-06-06-13.png,1,373,3
349,970,S970A_11-06-06-14.png,S970B_11-06-06-14.png,1,374,3
533,971,S971A_11-06-06-15.png,S971B_11-06-06-15.png,1,375,3
2065,972,S972A_11-06-06-16.png,S972B_11-06-06-16.png,1,376,3
978,978,S978A_11-06-06-22.png,S978B_11-06-06-22.png,1,382,3
1936,979,S979A_11-06-06-23.png,S979B_11-06-06-23.png,1,383,3
487,982,S982A_11-06-06-26.png,S982B_11-06-06-26.png,1,386,3
650,0,S0A_11-05-14-00.png,S0B_11-05-14-00.png,0,840,4
553,6,S6A_11-05-14-06.png,S6B_11-05-14-06.png,0,846,4
1473,9,S9A_11-05-14-09.png,S9B_11-05-14-09.png,0,849,4
1881,12,S12A_11-05-14-12.png,S12B_11-05-14-12.png,0,852,4
1662,15,S15A_11-05-14-15.png,S15B_11-05-14-15.png,0,855,4
1138,16,S16A_11-05-14-16.png,S16B_11-05-14-16.png,0,856,4
554,22,S22A_11-05-14-22.png,S22B_11-05-14-22.png,0,862,4
2722,41,S41A_11-05-14-41.png,S41B_11-05-14-41.png,0,881,4
2665,51,S51A_11-05-14-51.png,S51B_11-05-14-51.png,0,891,4
275,158,S158A_11-05-16-39.png,S158B_11-05-16-39.png,0,999,4
2141,176,S176A_11-05-16-57.png,S176B_11-05-16-57.png,0,1017,4
819,180,S180A_11-05-17-01.png,S180B_11-05-17-01.png,0,1021,4
2283,242,S242A_11-05-18-03.png,S242B_11-05-18-03.png,0,1083,4
172,255,S255A_11-05-18-16.png,S255B_11-05-18-16.png,0,1096,4
1471,266,S266A_11-05-18-27.png,S266B_11-05-18-27.png,0,1107,4
1419,269,S269A_11-05-18-30.png,S269B_11-05-18-30.png,0,1110,4
719,296,S296A_11-05-18-57.png,S296B_11-05-18-57.png,0,1137,4
2146,300,S300A_11-05-19-01.png,S300B_11-05-19-01.png,0,1141,4
1916,302,S302A_11-05-19-03.png,S302B_11-05-19-03.png,0,1143,4
812,305,S305A_11-05-19-06.png,S305B_11-05-19-06.png,0,1146,4
695,308,S308A_11-05-19-09.png,S308B_11-05-19-09.png,0,1149,4
750,320,S320A_11-05-19-22.png,S320B_11-05-19-22.png,0,1162,4
2386,327,S327A_11-05-19-29.png,S327B_11-05-19-29.png,0,1169,4
425,328,S328A_11-05-19-30.png,S328B_11-05-19-30.png,0,1170,4
1639,341,S341A_11-05-19-42.png,S341B_11-05-19-42.png,0,1182,4
1929,359,S359A_11-05-20-00.png,S359B_11-05-20-00.png,0,1200,4
1748,371,S371A_11-05-20-12.png,S371B_11-05-20-12.png,0,1212,4
2181,942,S942A_11-06-05-45.png,S942B_11-06-05-45.png,1,345,4
538,959,S959A_11-06-06-03.png,S959B_11-06-06-03.png,1,363,4
1742,976,S976A_11-06-06-20.png,S976B_11-06-06-20.png,1,380,4
205,977,S977A_11-06-06-21.png,S977B_11-06-06-21.png,1,381,4
1319,980,S980A_11-06-06-24.png,S980B_11-06-06-24.png,1,384,4
2438,981,S981A_11-06-06-25.png,S981B_11-06-06-25.png,1,385,4
562,983,S983A_11-06-06-27.png,S983B_11-06-06-27.png,1,387,4
1403,985,S985A_11-06-06-29.png,S985B_11-06-06-29.png,1,389,4
402,987,S987A_11-06-06-31.png,S987B_11-06-06-31.png,1,391,4
1292,991,S991A_11-06-06-35.png,S991B_11-06-06-35.png,1,395,4
1461,998,S998A_11-06-06-42.png,S998B_11-06-06-42.png,1,402,4
1605,1001,S1001A_11-06-06-45.png,S1001B_11-06-06-45.png,1,405,4
630,1004,S1004A_11-06-06-48.png,S1004B_11-06-06-48.png,1,408,4
2235,1007,S1007A_11-06-06-51.png,S1007B_11-06-06-51.png,1,411,4
1657,1020,S1020A_11-06-07-04.png,S1020B_11-06-07-04.png,1,424,4
543,1023,S1023A_11-06-07-07.png,S1023B_11-06-07-07.png,1,427,4
1479,1024,S1024A_11-06-07-08.png,S1024B_11-06-07-08.png,1,428,4
1747,1029,S1029A_11-06-07-13.png,S1029B_11-06-07-13.png,1,433,4
1078,1030,S1030A_11-06-07-14.png,S1030B_11-06-07-14.png,1,434,4
2465,1036,S1036A_11-06-07-20.png,S1036B_11-06-07-20.png,1,440,4
1272,1038,S1038A_11-06-07-22.png,S1038B_11-06-07-22.png,1,442,4
2140,1040,S1040A_11-06-07-24.png,S1040B_11-06-07-24.png,1,444,4
66,1045,S1045A_11-06-07-29.png,S1045B_11-06-07-29.png,1,449,4
818,1057,S1057A_11-06-07-41.png,S1057B_11-06-07-41.png,1,461,4
1409,1059,S1059A_11-06-07-43.png,S1059B_11-06-07-43.png,1,463,4
919,1064,S1064A_11-06-07-48.png,S1064B_11-06-07-48.png,1,468,4
2668,1067,S1067A_11-06-07-51.png,S1067B_11-06-07-51.png,1,471,4
659,1069,S1069A_11-06-07-53.png,S1069B_11-06-07-53.png,1,473,4
123,1072,S1072A_11-06-07-56.png,S1072B_11-06-07-56.png,1,476,4
367,1084,S1084A_11-06-08-08.png,S1084B_11-06-08-08.png,1,488,4
1191,1163,S1163A_11-06-09-28.png,S1163B_11-06-09-28.png,1,568,4
1549,1190,S1190A_11-06-09-55.png,S1190B_11-06-09-55.png,1,595,4
2581,1241,S1241A_11-06-10-46.png,S1241B_11-06-10-46.png,1,646,4
77,1242,S1242A_11-06-10-47.png,S1242B_11-06-10-47.png,1,647,4
751,1243,S1243A_11-06-10-48.png,S1243B_11-06-10-48.png,1,648,4
79,1245,S1245A_11-06-10-50.png,S1245B_11-06-10-50.png,1,650,4
1115,1246,S1246A_11-06-10-51.png,S1246B_11-06-10-51.png,1,651,4
254,1279,S1279A_11-06-11-24.png,S1279B_11-06-11-24.png,1,684,4
75,1287,S1287A_11-06-11-32.png,S1287B_11-06-11-32.png,1,692,4
130,1318,S1318A_11-06-12-03.png,S1318B_11-06-12-03.png,1,723,4
694,1322,S1322A_11-06-12-07.png,S1322B_11-06-12-07.png,1,727,4
1887,1323,S1323A_11-06-12-08.png,S1323B_11-06-12-08.png,1,728,4
355,1326,S1326A_11-06-12-11.png,S1326B_11-06-12-11.png,1,731,4
320,1329,S1329A_11-06-12-14.png,S1329B_11-06-12-14.png,1,734,4
2091,1331,S1331A_11-06-12-16.png,S1331B_11-06-12-16.png,1,736,4
599,1334,S1334A_11-06-12-19.png,S1334B_11-06-12-19.png,1,739,4
582,1358,S1358A_11-06-12-44.png,S1358B_11-06-12-44.png,1,764,4
1928,1359,S1359A_11-06-12-45.png,S1359B_11-06-12-45.png,1,765,4
69,1360,S1360A_11-06-12-46.png,S1360B_11-06-12-46.png,1,766,4
781,1361,S1361A_11-06-12-47.png,S1361B_11-06-12-47.png,1,767,4
1234,1375,S1375A_11-06-13-01.png,S1375B_11-06-13-01.png,1,781,4
1804,1382,S1382A_11-06-13-08.png,S1382B_11-06-13-08.png,1,788,4
154,1384,S1384A_11-06-13-10.png,S1384B_11-06-13-10.png,1,790,4
1753,1905,S1905A_11-06-21-53.png,S1905B_11-06-21-53.png,1,1313,4
1814,2526,S2526A_11-07-08-17.png,S2526B_11-07-08-17.png,2,497,4
1882,2531,S2531A_11-07-08-22.png,S2531B_11-07-08-22.png,2,502,4
666,2584,S2584A_11-07-09-15.png,S2584B_11-07-09-15.png,2,555,4
325,2592,S2592A_11-07-09-23.png,S2592B_11-07-09-23.png,2,563,4
259,2594,S2594A_11-07-09-25.png,S2594B_11-07-09-25.png,2,565,4
1803,2619,S2619A_11-07-09-50.png,S2619B_11-07-09-50.png,2,590,4
1140,2629,S2629A_11-07-10-00.png,S2629B_11-07-10-00.png,2,600,4
2229,2631,S2631A_11-07-10-02.png,S2631B_11-07-10-02.png,2,602,4
2313,2641,S2641A_11-07-10-12.png,S2641B_11-07-10-12.png,2,612,4
1598,2642,S2642A_11-07-10-13.png,S2642B_11-07-10-13.png,2,613,4
1587,2646,S2646A_11-07-10-17.png,S2646B_11-07-10-17.png,2,617,4
920,2653,S2653A_11-07-10-24.png,S2653B_11-07-10-24.png,2,624,4
2362,2656,S2656A_11-07-10-27.png,S2656B_11-07-10-27.png,2,627,4
1641,2662,S2662A_11-07-10-33.png,S2662B_11-07-10-33.png,2,633,4
1969,2669,S2669A_11-07-10-40.png,S2669B_11-07-10-40.png,2,640,4
1746,2760,S2760A_11-07-12-10.png,S2760B_11-07-12-10.png,2,730,4
911,2761,S2761A_11-07-12-11.png,S2761B_11-07-12-11.png,2,731,4
2242,2798,S2798A_11-07-12-49.png,S2798B_11-07-12-49.png,2,769,4
168,2817,S2817A_11-07-13-08.png,S2817B_11-07-13-08.png,2,788,4
1980,2840,S2840A_11-07-13-31.png,S2840B_11-07-13-31.png,2,811,4
2780,2885,S2885A_11-07-14-16.png,S2885B_11-07-14-16.png,2,856,4
614,2890,S2890A_11-07-14-21.png,S2890B_11-07-14-21.png,2,861,4
772,2895,S2895A_11-07-14-26.png,S2895B_11-07-14-26.png,2,866,4
2216,2896,S2896A_11-07-14-27.png,S2896B_11-07-14-27.png,2,867,4
303,2924,S2924A_11-07-14-55.png,S2924B_11-07-14-55.png,2,895,4
339,10,S10A_11-05-14-10.png,S10B_11-05-14-10.png,0,850,5
2108,11,S11A_11-05-14-11.png,S11B_11-05-14-11.png,0,851,5
2538,14,S14A_11-05-14-14.png,S14B_11-05-14-14.png,0,854,5
37,157,S157A_11-05-16-38.png,S157B_11-05-16-38.png,0,998,5
104,260,S260A_11-05-18-21.png,S260B_11-05-18-21.png,0,1101,5
915,989,S989A_11-06-06-33.png,S989B_11-06-06-33.png,1,393,5
1808,1000,S1000A_11-06-06-44.png,S1000B_11-06-06-44.png,1,404,5
1620,1002,S1002A_11-06-06-46.png,S1002B_11-06-06-46.png,1,406,5
135,1003,S1003A_11-06-06-47.png,S1003B_11-06-06-47.png,1,407,5
1377,1025,S1025A_11-06-07-09.png,S1025B_11-06-07-09.png,1,429,5
866,1026,S1026A_11-06-07-10.png,S1026B_11-06-07-10.png,1,430,5
2526,1032,S1032A_11-06-07-16.png,S1032B_11-06-07-16.png,1,436,5
300,1049,S1049A_11-06-07-33.png,S1049B_11-06-07-33.png,1,453,5
307,1055,S1055A_11-06-07-39.png,S1055B_11-06-07-39.png,1,459,5
280,1060,S1060A_11-06-07-44.png,S1060B_11-06-07-44.png,1,464,5
249,1061,S1061A_11-06-07-45.png,S1061B_11-06-07-45.png,1,465,5
1756,1062,S1062A_11-06-07-46.png,S1062B_11-06-07-46.png,1,466,5
1375,1065,S1065A_11-06-07-49.png,S1065B_11-06-07-49.png,1,469,5
2735,1071,S1071A_11-06-07-55.png,S1071B_11-06-07-55.png,1,475,5
1045,1086,S1086A_11-06-08-10.png,S1086B_11-06-08-10.png,1,490,5
1896,1165,S1165A_11-06-09-30.png,S1165B_11-06-09-30.png,1,570,5
335,1179,S1179A_11-06-09-44.png,S1179B_11-06-09-44.png,1,584,5
78,1348,S1348A_11-06-12-34.png,S1348B_11-06-12-34.png,1,754,5
185,1367,S1367A_11-06-12-53.png,S1367B_11-06-12-53.png,1,773,5
680,2528,S2528A_11-07-08-19.png,S2528B_11-07-08-19.png,2,499,5
222,2620,S2620A_11-07-09-51.png,S2620B_11-07-09-51.png,2,591,5
2217,2621,S2621A_11-07-09-52.png,S2621B_11-07-09-52.png,2,592,5
740,2622,S2622A_11-07-09-53.png,S2622B_11-07-09-53.png,2,593,5
628,2623,S2623A_11-07-09-54.png,S2623B_11-07-09-54.png,2,594,5
667,2624,S2624A_11-07-09-55.png,S2624B_11-07-09-55.png,2,595,5
298,2630,S2630A_11-07-10-01.png,S2630B_11-07-10-01.png,2,601,5
41,2933,S2933A_11-07-15-04.png,S2933B_11-07-15-04.png,2,904,5
446,2944,S2944A_11-07-15-15.png,S2944B_11-07-15-15.png,2,915,5
2225,2954,S2954A_11-07-15-26.png,S2954B_11-07-15-26.png,2,926,5
1946,2955,S2955A_11-07-15-27.png,S2955B_11-07-15-27.png,2,927,5
1719,2957,S2957A_11-07-15-29.png,S2957B_11-07-15-29.png,2,929,5
1541,2958,S2958A_11-07-15-30.png,S2958B_11-07-15-30.png,2,930,5
1903,2959,S2959A_11-07-15-31.png,S2959B_11-07-15-31.png,2,931,5
2447,2960,S2960A_11-07-15-32.png,S2960B_11-07-15-32.png,2,932,5
2200,2965,S2965A_11-07-15-37.png,S2965B_11-07-15-37.png,2,937,5
2301,2967,S2967A_11-07-15-39.png,S2967B_11-07-15-39.png,2,939,5
2579,2968,S2968A_11-07-15-40.png,S2968B_11-07-15-40.png,2,940,5
2104,2969,S2969A_11-07-15-41.png,S2969B_11-07-15-41.png,2,941,5
1951,2970,S2970A_11-07-15-42.png,S2970B_11-07-15-42.png,2,942,5
1538,2971,S2971A_11-07-15-43.png,S2971B_11-07-15-43.png,2,943,5
1047,2972,S2972A_11-07-15-44.png,S2972B_11-07-15-44.png,2,944,5
330,2973,S2973A_11-07-15-45.png,S2973B_11-07-15-45.png,2,945,5
1050,2982,S2982A_11-07-15-54.png,S2982B_11-07-15-54.png,2,954,5
581,3005,S3005A_11-07-16-17.png,S3005B_11-07-16-17.png,2,977,5
2226,3011,S3011A_11-07-16-23.png,S3011B_11-07-16-23.png,2,983,5
1209,3018,S3018A_11-07-16-30.png,S3018B_11-07-16-30.png,2,990,5
875,3092,S3092A_11-07-17-44.png,S3092B_11-07-17-44.png,2,1064,5
1215,3094,S3094A_11-07-17-46.png,S3094B_11-07-17-46.png,2,1066,5
1381,3096,S3096A_11-07-17-48.png,S3096B_11-07-17-48.png,2,1068,5
661,3186,S3186A_11-07-19-19.png,S3186B_11-07-19-19.png,2,1159,5
1539,3194,S3194A_11-07-19-27.png,S3194B_11-07-19-27.png,2,1167,5
1698,3986,S3986A_11-08-08-42.png,S3986B_11-08-08-42.png,3,522,5
563,3988,S3988A_11-08-08-44.png,S3988B_11-08-08-44.png,3,524,5
1670,4099,S4099A_11-08-10-36.png,S4099B_11-08-10-36.png,3,636,5
542,4101,S4101A_11-08-10-38.png,S4101B_11-08-10-38.png,3,638,5
304,4103,S4103A_11-08-10-40.png,S4103B_11-08-10-40.png,3,640,5
1784,4114,S4114A_11-08-10-51.png,S4114B_11-08-10-51.png,3,651,5
2194,4115,S4115A_11-08-10-52.png,S4115B_11-08-10-52.png,3,652,5
158,4116,S4116A_11-08-10-53.png,S4116B_11-08-10-53.png,3,653,5
50,4118,S4118A_11-08-10-55.png,S4118B_11-08-10-55.png,3,655,5
1408,4135,S4135A_11-08-11-12.png,S4135B_11-08-11-12.png,3,672,5
608,4170,S4170A_11-08-11-47.png,S4170B_11-08-11-47.png,3,707,5
1777,4176,S4176A_11-08-11-53.png,S4176B_11-08-11-53.png,3,713,5
84,4188,S4188A_11-08-12-06.png,S4188B_11-08-12-06.png,3,726,5
2105,4201,S4201A_11-08-12-19.png,S4201B_11-08-12-19.png,3,739,5
1604,4509,S4509A_11-08-17-28.png,S4509B_11-08-17-28.png,3,1048,5
1669,4521,S4521A_11-08-17-40.png,S4521B_11-08-17-40.png,3,1060,5
692,4523,S4523A_11-08-17-42.png,S4523B_11-08-17-42.png,3,1062,5
1597,4527,S4527A_11-08-17-46.png,S4527B_11-08-17-46.png,3,1066,5
1895,4538,S4538A_11-08-17-57.png,S4538B_11-08-17-57.png,3,1077,5
1664,4539,S4539A_11-08-17-58.png,S4539B_11-08-17-58.png,3,1078,5
1788,4540,S4540A_11-08-17-59.png,S4540B_11-08-17-59.png,3,1079,5
1727,4544,S4544A_11-08-18-03.png,S4544B_11-08-18-03.png,3,1083,5
3468,5534,S5534A_11-09-10-38.png,S5534B_11-09-10-38.png,4,638,5
4356,6213,S6213A_11-09-22-01.png,S6213B_11-09-22-01.png,4,1321,5
4453,6252,S6252A_11-09-22-40.png,S6252B_11-09-22-40.png,4,1360,5
3300,6966,S6966A_11-10-10-38.png,S6966B_11-10-10-38.png,5,638,5
4379,7029,S7029A_11-10-11-41.png,S7029B_11-10-11-41.png,5,701,5
4125,7099,S7099A_11-10-12-51.png,S7099B_11-10-12-51.png,5,771,5
3379,7528,S7528A_11-10-20-02.png,S7528B_11-10-20-02.png,5,1202,5
3979,7577,S7577A_11-10-20-52.png,S7577B_11-10-20-52.png,5,1252,5
3335,7670,S7670A_11-10-22-25.png,S7670B_11-10-22-25.png,5,1345,5
4349,7910,S7910A_11-11-02-26.png,S7910B_11-11-02-26.png,6,146,5
2813,8050,S8050A_11-11-04-47.png,S8050B_11-11-04-47.png,6,287,5
4420,8393,S8393A_11-11-13-36.png,S8393B_11-11-13-36.png,6,816,5
4755,8394,S8394A_11-11-13-37.png,S8394B_11-11-13-37.png,6,817,5
4599,8558,S8558A_11-11-17-16.png,S8558B_11-11-17-16.png,6,1036,5
2812,8593,S8593A_11-11-17-51.png,S8593B_11-11-17-51.png,6,1071,5
4666,8598,S8598A_11-11-17-56.png,S8598B_11-11-17-56.png,6,1076,5
3527,8620,S8620A_11-11-18-18.png,S8620B_11-11-18-18.png,6,1098,5
3947,8662,S8662A_11-11-19-00.png,S8662B_11-11-19-00.png,6,1140,5
4267,8721,S8721A_11-11-20-00.png,S8721B_11-11-20-00.png,6,1200,5
3193,8722,S8722A_11-11-20-01.png,S8722B_11-11-20-01.png,6,1201,5
3687,8723,S8723A_11-11-20-02.png,S8723B_11-11-20-02.png,6,1202,5
4095,8724,S8724A_11-11-20-03.png,S8724B_11-11-20-03.png,6,1203,5
3425,8725,S8725A_11-11-20-04.png,S8725B_11-11-20-04.png,6,1204,5
2979,8726,S8726A_11-11-20-05.png,S8726B_11-11-20-05.png,6,1205,5
4042,8727,S8727A_11-11-20-06.png,S8727B_11-11-20-06.png,6,1206,5
4624,8728,S8728A_11-11-20-07.png,S8728B_11-11-20-07.png,6,1207,5
4323,8729,S8729A_11-11-20-08.png,S8729B_11-11-20-08.png,6,1208,5
4304,9146,S9146A_11-12-03-07.png,S9146B_11-12-03-07.png,0,187,5
